{
  "version": 1,
  "author": "Anonymous maker",
  "editor": "wokwi",
  "parts": [
    { "type": "wokwi-arduino-uno", "id": "uno", "top": -28.2, "left": -106.2, "attrs": {} },
    {
      "type": "wokwi-lcd2004",
      "id": "lcd1",
      "top": -22.4,
      "left": 293.6,
      "attrs": { "pins": "i2c" }
    }
  ],
  "connections": [
    [ "uno:GND.1", "lcd1:GND", "black", [ "v0" ] ],
    [ "uno:5V", "lcd1:VCC", "red", [ "v0" ] ],
    [ "uno:A4", "lcd1:SDA", "green", [ "v0" ] ],
    [ "uno:A5", "lcd1:SCL", "green", [ "v0" ] ]
  ],
  "dependencies": {}
}